#{"t_start": 1668588868.0657248, "env_id": null}
r,l,t
1205.535807,1,4.80263
1175.745211,1,11.290098
1223.190067,1,15.236517
1321.7294,1,22.53745
1212.322375,1,25.835267
1180.972561,1,31.606984
1183.197109,1,35.875932
1188.524362,1,41.437207
1172.156097,1,46.854676
1198.454897,1,54.244089
1180.45875,1,58.161452
1144.747139,1,64.894068
1217.304219,1,69.084312
1197.490953,1,75.338453
1226.09585,1,79.841022
1182.265494,1,84.400079
1188.364571,1,89.951807
1178.490438,1,97.001532
1185.560215,1,100.570024
1215.859198,1,105.898858
1131.266361,1,112.011232
1136.494419,1,117.834144
1203.850747,1,122.212256
1141.069993,1,126.931747
1207.985346,1,133.699504
1178.068371,1,137.985188
1182.185646,1,145.070402
1191.888093,1,151.145113
1216.749436,1,154.792999
1197.274033,1,160.943384
1157.186666,1,166.256815
1180.266166,1,172.061163
1170.9547,1,177.353238
1210.265339,1,182.557027
1151.687711,1,187.533004
1160.779155,1,192.78102
1160.562267,1,200.376292
1191.999251,1,203.50873
1153.467372,1,208.347242
1154.992283,1,214.025521
1170.750441,1,218.925148
1203.184733,1,224.306899
1193.131286,1,228.63286
1211.966532,1,235.913773
1137.861945,1,239.533138
1216.928398,1,246.548301
1213.18072,1,251.195515
1203.319412,1,254.77363
1156.378385,1,259.781197
1149.378525,1,266.2382
1137.272395,1,269.617142
1152.035949,1,274.769805
1199.291814,1,281.269116
1191.21061,1,285.085198
1205.515723,1,291.041017
1161.556491,1,294.908815
1170.488421,1,306.601237
1215.063782,1,314.296943
1164.232496,1,318.191098
1188.338614,1,325.482586
1139.275061,1,328.491917
1237.406729,1,334.630829
1210.323166,1,339.110124
1210.540158,1,343.998337
1206.094878,1,350.213472
1196.57296,1,355.137204
1168.360509,1,360.657425
1215.27106,1,366.615277
1158.811265,1,371.862753
1216.152136,1,380.132442
1231.380737,1,384.509372
1191.38224,1,390.714294
1205.182333,1,395.607118
1184.335593,1,399.833981
1184.847862,1,404.967752
1164.975054,1,411.633372
1194.838781,1,416.533461
1196.816824,1,423.908156
1257.106481,1,430.467776
1188.310385,1,434.638939
1183.180211,1,440.157391
1197.712993,1,445.75431
1180.041226,1,450.299443
1184.206708,1,457.603911
1269.909557,1,463.653202
1228.062641,1,467.539085
1205.276004,1,473.887835
1169.730536,1,479.164604
1244.55725,1,484.449327
1200.493445,1,488.49867
1183.336569,1,493.920826
1156.125783,1,499.381656
1147.446376,1,504.507324
1198.185485,1,511.573637
1150.77054,1,515.581168
1207.396476,1,521.241015
1209.931501,1,527.615226
1212.754188,1,533.283268
1270.347286,1,537.030056
1210.969773,1,542.18385
1179.71201,1,547.539287
1322.559209,1,565.49864
1188.628427,1,569.127689
1178.439655,1,576.338418
1228.078736,1,581.092447
1140.575924,1,588.297338
1185.016169,1,591.95497
1150.918034,1,599.554002
1181.55662,1,603.513456
1252.539967,1,610.809023
1256.755025,1,616.722852
1210.436991,1,622.437975
1239.458808,1,628.117714
1215.767718,1,633.027427
1243.026382,1,638.169884
1246.428488,1,644.768134
1230.615657,1,650.934959
1211.930832,1,657.966839
1278.92527,1,662.453956
1222.584335,1,667.445149
1212.691784,1,675.064268
1271.975279,1,682.184315
1196.25672,1,689.693337
1187.868694,1,692.819587
1226.346912,1,702.39889
1170.665079,1,708.539142
1305.832605,1,713.513344
1201.23097,1,719.370781
1189.793322,1,724.87509
1149.510171,1,731.302256
1225.181804,1,738.602595
1223.090359,1,744.749133
1262.685378,1,749.936806
1209.693461,1,756.515713
1248.53313,1,762.521237
1142.894819,1,767.369487
1187.645104,1,783.151626
1272.713304,1,791.237258
1216.044087,1,795.890899
1202.569993,1,806.094195
1243.518961,1,812.967006
1248.696824,1,820.012116
1241.395975,1,826.422894
1241.714991,1,830.848433
1257.950054,1,839.469738
1236.755905,1,847.586836
1233.177298,1,856.458895
1294.080094,1,862.047129
1249.219657,1,869.042916
1265.343957,1,876.87012
1163.141658,1,882.113773
1253.344314,1,891.03421
1235.988213,1,899.621667
1211.289665,1,905.463004
1255.551151,1,911.185863
1169.987438,1,916.837727
1255.857101,1,928.15007
1249.734079,1,934.821884
1223.884605,1,940.910483
1258.811398,1,948.710639
1248.679787,1,954.891906
1300.982193,1,971.020171
1559.294291,1,980.583109
1364.309579,1,986.841962
1252.949478,1,996.371415
1252.249847,1,1003.450239
1222.778369,1,1012.437556
1225.503345,1,1026.988307
1246.345996,1,1036.449887
1674.97249,1,1050.652886
1311.648503,1,1058.32817
1288.387699,1,1067.465113
1693.985284,1,1082.548817
1249.739216,1,1088.604177
1149.329506,1,1101.554281
1245.662702,1,1118.782915
1276.62973,1,1126.008998
1406.493207,1,1140.602021
1632.470859,1,1152.833964
1254.737366,1,1163.795942
1213.470902,1,1180.469674
1713.600489,1,1192.451627
1327.66949,1,1200.194182
1802.188548,1,1220.456814
1181.721295,1,1228.107161
1314.95756,1,1249.19048
1344.222924,1,1261.569049
1386.749905,1,1280.978142
1734.971344,1,1300.116073
1287.236319,1,1307.34289
1813.368053,1,1330.981551
1700.210287,1,1350.521349
1877.268343,1,1369.919882
1356.076969,1,1385.677028
1143.068421,1,1394.383875
1837.907452,1,1416.395283
1301.60876,1,1427.367538
1481.163506,1,1449.867743
1429.215516,1,1473.44169
1434.141967,1,1493.211486
1189.455205,1,1497.349069
1887.221063,1,1528.508942
1464.75253,1,1542.516654
1367.136759,1,1558.075185
1442.45256,1,1581.542736
2671.417211,1,1618.223603
2142.939662,1,1639.632507
1628.042464,1,1656.989938
1367.605773,1,1673.590571
1405.278134,1,1706.572262
1723.766337,1,1734.860845
2174.659918,1,1764.692776
1223.201631,1,1769.45485
40000,1,1819.003362
2232.92805,1,1847.004178
1348.778732,1,1855.973453
2159.495108,1,1901.399941
1781.972162,1,1932.964888
2486.734626,1,1969.036868
1978.091867,1,1995.65799
1465.55892,1,2006.517849
2307.361688,1,2047.16783
2071.518406,1,2076.362438
2479.314231,1,2110.713925
1732.981057,1,2125.01595
2146.979598,1,2156.911827
2323.303813,1,2186.214188
1576.648923,1,2213.42953
2230.603512,1,2253.16433
2642.120269,1,2290.48479
1338.971588,1,2298.015035
2489.943853,1,2348.285038
2332.484267,1,2372.794898
2644.808112,1,2410.188088
2127.425384,1,2447.225136
1147.599653,1,2450.65312
2415.687915,1,2504.740742
2506.947725,1,2534.528153
2108.638595,1,2576.884587
2547.055039,1,2622.453535
1696.61587,1,2650.623044
2787.56505,1,2683.60743
2300.254588,1,2712.554383
1700.538795,1,2739.646218
2205.271566,1,2787.53365
2697.518131,1,2820.948103
1646.191087,1,2837.103919
2497.789611,1,2891.36657
2783.005702,1,2921.85344
2810.7831,1,2959.517642
2740.531048,1,2994.128474
2782.838713,1,3031.94957
2681.717052,1,3072.613022
2680.103568,1,3102.575006
2499.280941,1,3144.045927
2777.189352,1,3183.56596
2829.214347,1,3219.260665
2862.195511,1,3257.698233
2741.514048,1,3290.528466
1457.955664,1,3304.010006
40000,1,3349.118702
2769.061627,1,3389.860108
2350.688467,1,3428.20415
2734.081898,1,3469.291166
2689.658288,1,3505.192521
2736.207207,1,3538.599672
2750.156048,1,3575.9777
2638.671591,1,3616.844705
2730.210807,1,3651.268555
2778.566942,1,3688.14745
2092.744019,1,3715.441068
2507.900446,1,3756.598431
2975.145463,1,3802.329491
1866.028414,1,3824.159966
2622.081661,1,3879.189369
2801.126215,1,3908.465623
2762.106659,1,3951.212564
2816.360706,1,3990.811181
2660.989888,1,4029.686132
2815.448303,1,4064.930185
2810.523454,1,4107.137796
1889.251503,1,4125.599726
2832.929047,1,4181.297875
2779.671424,1,4226.182145
2793.345917,1,4257.529875
2779.155599,1,4297.903619
2751.747972,1,4329.771289
40000,1,4368.892045
2764.018211,1,4408.809303
2733.360194,1,4445.417521
2619.609732,1,4487.163607
2856.501096,1,4529.374769
40000,1,4543.605853
2864.80608,1,4601.650189
2763.316798,1,4636.952852
2650.271605,1,4681.107041
2847.117154,1,4722.810719
2727.831854,1,4753.398644
2581.560119,1,4787.331727
2229.546362,1,4832.937588
2705.76595,1,4868.707217
2510.844064,1,4908.279016
2755.190783,1,4947.582692
1161.192602,1,4950.929417
2991.857506,1,5023.590525
2516.1853,1,5059.497578
2697.809438,1,5095.752443
2789.157388,1,5135.56087
2770.727943,1,5175.972751
2548.801082,1,5217.395047
2736.303936,1,5257.480876
2514.825006,1,5288.842933
2765.497743,1,5338.83431
2979.229702,1,5377.529924
2755.683327,1,5416.953964
2840.591281,1,5456.549837
2133.205752,1,5484.870844
2753.975238,1,5538.939725
2785.841724,1,5574.008675
2843.536733,1,5615.315839
2714.295932,1,5656.330682
2867.92612,1,5694.578519
2917.657742,1,5734.752893
2794.333608,1,5779.405434
40000,1,5810.792751
40000,1,5836.433679
2852.496766,1,5901.720739
2625.25604,1,5943.616662
2815.612865,1,5978.278092
2807.157194,1,6014.656615
2691.086136,1,6059.542666
2794.976926,1,6098.388028
2828.12108,1,6131.627238
2780.905387,1,6168.668072
2801.875969,1,6209.403086
2794.620684,1,6246.777635
2814.179337,1,6290.557779
2754.900159,1,6324.619024
2820.263845,1,6362.505095
2788.293857,1,6400.945071
40000,1,6425.865424
2704.878559,1,6467.393577
2664.871384,1,6522.782328
2640.683041,1,6561.342612
2527.166547,1,6604.157979
2809.786246,1,6637.600459
2771.947348,1,6664.505591
2641.372271,1,6711.078248
2779.676567,1,6756.827875
2805.306018,1,6794.479802
2744.952501,1,6832.830899
2723.043314,1,6869.43328
2085.642658,1,6911.238005
40000,1,6934.249056
2705.763948,1,6981.460786
2816.965427,1,7021.021418
2776.268469,1,7061.871181
2744.481027,1,7103.100685
2732.529908,1,7144.939256
2803.577883,1,7187.748167
2848.091597,1,7222.741243
2648.912308,1,7263.65757
40000,1,7286.185349
2804.418141,1,7329.932879
2679.796655,1,7372.159437
40000,1,7399.419361
2689.301165,1,7439.951313
2817.440513,1,7484.75372
2742.928121,1,7522.008943
2759.252292,1,7558.063248
2748.777045,1,7599.811785
2630.190329,1,7631.755374
2696.671758,1,7672.300823
40000,1,7705.878512
2780.247784,1,7750.290174
2716.455516,1,7772.191238
2745.551182,1,7825.709827
40000,1,7847.918519
2795.016721,1,7900.548454
2773.145574,1,7942.184086
2870.009607,1,7982.096706
2803.118116,1,8016.853948
2795.831414,1,8053.752779
2649.078641,1,8071.120786
2138.153351,1,8116.046305
2854.512451,1,8163.863055
2619.216208,1,8195.987302
2843.216768,1,8238.165989
2816.402597,1,8266.417549
2721.133187,1,8312.564056
2694.901798,1,8349.048812
2792.803375,1,8384.9763
2745.951451,1,8420.366142
2756.789152,1,8455.638796
40000,1,8489.314833
2702.19328,1,8526.450865
2661.891865,1,8561.938778
2818.159268,1,8598.989729
40000,1,8639.27986
2890.555652,1,8660.071661
2789.82727,1,8718.221358
40000,1,8750.595285
2599.103666,1,8787.589726
2869.144558,1,8826.941896
2862.441558,1,8867.083625
2761.098537,1,8907.506479
2852.754186,1,8938.34503
2639.186274,1,8971.70027
2817.21429,1,9002.896769
2803.570976,1,9031.385913
40000,1,9068.910273
2924.494138,1,9117.091812
2809.749153,1,9149.877573
2780.799945,1,9193.28425
2881.082388,1,9235.84908
2738.557024,1,9278.101568
40000,1,9299.092109
40000,1,9329.955006
2857.876166,1,9383.054528
2811.086522,1,9431.224164
2832.148738,1,9462.748101
2865.342291,1,9498.50131
2787.936349,1,9538.845372
2857.444754,1,9570.827184
2911.280693,1,9608.547662
2792.15596,1,9644.265255
2691.9072,1,9684.25642
40000,1,9702.074189
2770.400838,1,9758.487513
2778.667101,1,9795.294967
2671.666381,1,9832.517927
2794.464098,1,9869.235111
2872.384862,1,9896.328395
40000,1,9927.485587
2844.855488,1,9985.013864
2724.943598,1,10025.054306
2953.912859,1,10065.337456
2721.506519,1,10086.686093
40000,1,10116.182795
2935.548296,1,10177.154658
2782.421309,1,10214.000552
2728.637492,1,10245.920974
2786.924193,1,10278.398736
40000,1,10298.212879
2674.105754,1,10355.433285
2832.81203,1,10397.065794
40000,1,10416.671827
2807.941288,1,10471.914348
2691.024366,1,10508.845012
2820.907771,1,10549.653835
40000,1,10561.955317
2829.042484,1,10625.10341
2835.97059,1,10661.609028
2735.671004,1,10702.738851
2811.480265,1,10742.936072
2841.727691,1,10782.943329
2829.826765,1,10826.805802
2853.584383,1,10859.996974
2940.187757,1,10890.895441
2789.659683,1,10929.109692
2891.12277,1,10969.009361
2783.278554,1,11003.289289
40000,1,11023.418427
2961.181614,1,11068.754611
40000,1,11091.737818
2308.531619,1,11143.250052
2867.185577,1,11179.926082
2830.745964,1,11216.568104
2885.921353,1,11250.307557
2949.050003,1,11291.083781
40000,1,11313.757283
2784.08069,1,11361.422764
40000,1,11384.285493
2832.767861,1,11430.10543
2745.412908,1,11472.452528
40000,1,11505.557027
2473.602454,1,11528.677661
2844.105512,1,11576.3455
2805.402287,1,11603.07092
2865.351184,1,11636.232572
2879.394725,1,11672.408674
2784.215224,1,11712.519692
2825.377912,1,11748.303972
2855.012726,1,11785.968978
2837.752083,1,11826.053116
2899.126005,1,11865.278934
2799.249477,1,11902.020815
40000,1,11914.50231
2643.038605,1,11971.002174
2819.568931,1,12009.984115
2791.566462,1,12050.329122
2816.028098,1,12084.033038
2927.822314,1,12121.646641
2804.207655,1,12149.171402
2777.157446,1,12184.251788
2740.959568,1,12223.732445
40000,1,12239.333686
2930.670056,1,12300.351901
2769.216776,1,12340.707626
40000,1,12352.000579
2745.288257,1,12409.162873
2777.05452,1,12442.182429
2825.971099,1,12478.844281
40000,1,12503.760058
2883.073958,1,12550.335473
2819.441911,1,12579.936017
2957.5739,1,12620.89336
2862.386895,1,12654.170078
40000,1,12671.483723
2824.18394,1,12723.512624
40000,1,12737.022361
40000,1,12779.055984
2930.411842,1,12833.514823
2829.713937,1,12874.351923
40000,1,12895.637496
2743.915812,1,12932.364282
40000,1,12947.094163
2870.350922,1,12996.161472
2881.584257,1,13029.99024
2807.127679,1,13071.78833
40000,1,13089.532403
2919.2593,1,13137.996476
2927.75074,1,13186.705605
2848.788266,1,13224.948831
2948.2963,1,13261.758564
2812.489378,1,13287.904314
2889.47407,1,13312.258152
2763.349599,1,13353.536642
40000,1,13370.583914
2831.2467,1,13419.80104
40000,1,13427.756036
40000,1,13471.923678
2813.33683,1,13524.916225
2795.116189,1,13564.654275
2818.933431,1,13601.160216
2884.425085,1,13643.194782
2736.218978,1,13680.593913
2745.86248,1,13723.372607
2749.113846,1,13752.534679
2685.294243,1,13775.453855
40000,1,13804.567223
2789.055883,1,13863.412623
2870.785839,1,13898.354123
2699.126492,1,13944.618733
2851.3399,1,13982.643867
40000,1,13996.10209
2955.08813,1,14042.617082
2769.823934,1,14073.838412
2780.807878,1,14111.924047
2841.282293,1,14150.409946
2832.391846,1,14191.051743
2755.726329,1,14230.634842
2789.399584,1,14264.233687
40000,1,14281.93193
2930.163017,1,14337.237797
2873.953004,1,14369.179721
2844.000581,1,14408.095458
40000,1,14433.073936
2774.506567,1,14478.455687
2875.774029,1,14514.910502
2823.034662,1,14550.16276
2808.36952,1,14575.662582
40000,1,14598.716245
2849.141108,1,14661.228224
2828.348289,1,14694.074954
2935.670825,1,14732.332094
2772.974287,1,14765.812205
2812.568379,1,14793.400343
40000,1,14818.244897
2789.664925,1,14870.244985
2831.99432,1,14899.702968
2868.655855,1,14941.092892
2781.417034,1,14975.062309
2777.553105,1,15013.815024
2849.856319,1,15042.258433
2796.732464,1,15090.440654
2772.345798,1,15129.515458
2840.73154,1,15168.543922
2889.791715,1,15206.441822
2760.106822,1,15249.319803
2877.951015,1,15291.736807
2784.094482,1,15327.768415
2849.692522,1,15368.335025
40000,1,15386.934766
2906.940144,1,15437.367141
2859.776447,1,15475.483584
2828.467607,1,15512.387333
2861.478907,1,15547.795486
2851.789684,1,15571.774494
2652.155863,1,15627.488007
2811.870165,1,15643.586702
2803.938506,1,15699.699955
2846.255667,1,15730.855525
2780.066901,1,15776.055392
2860.162762,1,15816.308867
2818.81268,1,15860.146599
40000,1,15876.584421
2802.835509,1,15927.287507
2868.373247,1,15965.324267
2840.597795,1,15997.952365
2866.416289,1,16028.708012
2823.017583,1,16072.391785
2949.874634,1,16095.972585
40000,1,16127.111993
40000,1,16162.987604
2855.166195,1,16217.446751
40000,1,16241.151621
2857.65077,1,16271.759556
2707.175661,1,16327.367491
2668.614381,1,16360.222741
2834.546901,1,16399.437497
2819.676431,1,16430.267803
2795.200332,1,16454.997666
2779.907942,1,16492.813704
2831.428138,1,16528.603658
2790.362167,1,16556.413158
2809.211358,1,16600.070558
40000,1,16615.852402
2816.122106,1,16668.391958
40000,1,16686.406878
40000,1,16720.914502
2768.16332,1,16775.433526
40000,1,16786.725505
2839.09774,1,16847.888996
2759.066632,1,16881.962075
40000,1,16892.987575
2845.104943,1,16953.887918
2856.777916,1,16982.777683
2842.989,1,17027.921976
2746.222872,1,17066.260638
2812.163177,1,17106.523226
2817.434489,1,17136.528052
40000,1,17156.577084
40000,1,17187.80993
40000,1,17220.720876
2859.922158,1,17263.770777
2833.148309,1,17290.856187
2856.064836,1,17337.817122
2754.806236,1,17378.339581
2808.871601,1,17417.319368
2853.362279,1,17443.04328
40000,1,17471.958999
2881.765147,1,17528.662351
2851.676662,1,17566.552171
2886.125587,1,17594.845613
2829.426623,1,17634.1601
2812.858043,1,17664.602109
40000,1,17683.536246
40000,1,17727.690153
2819.369629,1,17774.498566
2811.744111,1,17804.489073
2795.340878,1,17849.126978
2841.272336,1,17883.537941
2820.318953,1,17928.433702
2812.129841,1,17959.126518
2686.01201,1,17991.868489
2817.264686,1,18023.526609
2830.871425,1,18057.02284
2764.315238,1,18093.050608
2833.593546,1,18130.678198
2819.771711,1,18170.144709
2773.122813,1,18206.59579
2844.297577,1,18240.710715
40000,1,18266.479876
2843.900258,1,18304.981986
2837.264065,1,18356.412983
2794.224381,1,18389.541602
2840.912472,1,18424.165399
2844.614986,1,18454.697117
40000,1,18480.264564
2807.88199,1,18538.432074
2829.853112,1,18573.338659
2832.965962,1,18599.573371
2950.428664,1,18642.084788
2796.624583,1,18671.374681
2838.872598,1,18708.416996
2813.887066,1,18742.423751
2835.747322,1,18778.105011
2878.280587,1,18809.011823
40000,1,18832.82991
40000,1,18861.651078
2815.414614,1,18919.375173
40000,1,18927.256282
2790.923341,1,18989.45386
2856.947987,1,19019.852225
2835.858954,1,19056.034223
2819.647479,1,19088.948217
2832.651366,1,19121.314818
2790.778997,1,19144.050557
2877.814982,1,19183.907117
2806.798991,1,19224.933721
2828.501423,1,19260.854734
2817.518201,1,19302.435199
2894.811219,1,19329.624524
2748.337947,1,19367.45407
2790.489328,1,19401.982253
2843.005732,1,19441.668828
2775.755563,1,19480.797869
2821.239034,1,19519.49411
2831.166767,1,19559.597716
2841.430875,1,19589.911532
40000,1,19606.554475
40000,1,19650.767468
2821.302652,1,19719.291474
2791.284726,1,19749.527375
2809.884711,1,19786.662842
40000,1,19799.237035
2963.475896,1,19858.459396
2815.819891,1,19893.870371
2848.231027,1,19925.176581
2849.284178,1,19961.387249
40000,1,19980.409314
2822.842783,1,20020.631534
2795.19522,1,20071.654111
2833.88893,1,20106.372024
2763.116081,1,20149.206143
2834.868096,1,20172.007849
2988.372147,1,20219.049537
2767.660053,1,20260.127648
2807.24775,1,20290.495526
40000,1,20312.748913
2741.925266,1,20364.466429
2820.568305,1,20394.385606
40000,1,20410.414908
2845.525003,1,20471.371937
2768.156625,1,20500.585303
40000,1,20519.083221
40000,1,20553.242911
40000,1,20584.940001
2821.930759,1,20637.028971
40000,1,20656.938869
2826.458291,1,20697.152618
40000,1,20708.721529
40000,1,20742.845627
2800.23407,1,20792.169099
2769.88677,1,20825.615528
2800.350641,1,20869.767972
2827.039256,1,20904.936438
2778.260374,1,20934.339732
2806.524096,1,20974.903509
40000,1,20989.97506
2765.389129,1,21043.39068
2767.470587,1,21067.4852
2825.751228,1,21107.586841
2823.116431,1,21145.418263
40000,1,21161.273643
40000,1,21194.677735
2828.31107,1,21253.335299
40000,1,21264.794194
2836.95592,1,21314.601272
2859.176964,1,21350.352307
2787.666887,1,21386.660714
2849.903742,1,21410.130095
2819.768263,1,21444.364082
2782.96596,1,21471.770165
2842.377871,1,21508.821192
40000,1,21524.246357
40000,1,21552.559918
2865.816296,1,21596.196633
2832.794773,1,21628.573151
2771.907419,1,21659.422149
2792.149009,1,21681.482832
2784.166886,1,21722.72263
40000,1,21744.45395
40000,1,21771.947676
2871.450319,1,21829.705811
2797.608546,1,21854.048671
40000,1,21868.185213
40000,1,21900.795503
2841.250437,1,21951.583287
2778.065823,1,21981.548344
40000,1,21998.788841
2799.096062,1,22053.808355
2813.776791,1,22093.160699
2771.103012,1,22118.803282
2857.574225,1,22151.949129
40000,1,22174.690424
2846.078853,1,22228.049006
2786.207563,1,22257.236617
40000,1,22279.493581
40000,1,22321.160189
2824.885313,1,22357.868009
2839.116551,1,22396.398549
2833.870045,1,22416.222712
2807.632843,1,22469.175605
2815.528376,1,22498.618767
2842.952169,1,22528.894396
40000,1,22541.092793
40000,1,22575.69133
40000,1,22611.644122
40000,1,22636.965033
2836.229622,1,22679.505508
2819.030942,1,22724.243174
2843.575061,1,22752.559684
40000,1,22774.613437
2782.531794,1,22814.125437
2805.915896,1,22853.627388
40000,1,22873.922686
2884.375274,1,22927.168936
2771.902898,1,22958.510924
2852.507596,1,22995.056913
2885.879608,1,23030.627369
2814.331309,1,23060.749122
40000,1,23080.63934
2832.299151,1,23122.842933
40000,1,23143.765769
2817.694692,1,23192.446417
2791.798039,1,23226.76973
2837.290078,1,23254.164417
40000,1,23271.252036
2778.328046,1,23318.26519
2838.357102,1,23359.155567
2850.007629,1,23391.149723
2808.045012,1,23433.675595
2884.247725,1,23469.804917
2820.633497,1,23510.531798
40000,1,23524.563834
2847.959407,1,23585.363841
2825.307849,1,23614.981705
2776.632673,1,23648.865931
2800.766984,1,23664.528083
2881.032312,1,23700.767053
40000,1,23733.455014
2879.524556,1,23774.963486
40000,1,23796.664545
2779.419823,1,23845.526557
2781.583662,1,23879.788408
2862.652324,1,23913.940614
2827.093112,1,23954.005338
40000,1,23973.023692
2876.544146,1,24033.322437
40000,1,24044.903493
2864.553709,1,24096.854003
2859.031379,1,24131.020745
40000,1,24144.203111
2767.916842,1,24205.770553
2816.904516,1,24236.744925
2870.405371,1,24273.626443
2831.103726,1,24310.693287
2838.606341,1,24348.402243
2822.264081,1,24379.130334
40000,1,24395.963044
40000,1,24432.936512
2835.450297,1,24494.026244
2790.877262,1,24530.408876
2814.897376,1,24563.095912
2780.790584,1,24598.650423
2878.984658,1,24633.351829
2801.834717,1,24669.988396
2832.345226,1,24706.600589
2767.669621,1,24747.332292
40000,1,24761.092553
2933.245861,1,24808.652553
2834.009425,1,24848.026867
2771.246791,1,24889.055979
2846.708356,1,24917.605229
2788.849334,1,24965.461792
2867.542117,1,24998.725745
2855.563708,1,25026.397574
2823.659366,1,25067.948348
2854.143396,1,25103.59895
2791.84063,1,25138.019233
40000,1,25152.912349
2811.556087,1,25203.469089
40000,1,25224.245511
2795.358012,1,25281.704095
2762.779633,1,25313.521204
40000,1,25333.773055
2877.911675,1,25381.643917
40000,1,25392.79846
40000,1,25425.026737
2976.268887,1,25473.406841
2975.28779,1,25509.865269
2789.997235,1,25545.477371
2789.155182,1,25586.86622
2962.447765,1,25618.226901
2806.801486,1,25655.296382
2788.835202,1,25692.946277
40000,1,25716.934613
40000,1,25743.07483
2878.908815,1,25792.197512
2839.898048,1,25838.050896
2886.618359,1,25866.417112
2855.049987,1,25905.933696
2822.675585,1,25946.214016
2837.85743,1,25991.913219
2840.570418,1,26021.629205
40000,1,26038.978055
2792.13844,1,26090.884748
2819.744835,1,26125.583003
2840.011789,1,26156.085521
40000,1,26183.087224
2881.26345,1,26220.15832
2821.951412,1,26262.331778
2816.616613,1,26283.061429
2797.386191,1,26327.026193
2825.133096,1,26374.474133
40000,1,26384.809204
2764.399334,1,26441.837016
2839.151873,1,26480.299354
2799.201439,1,26517.801069
2800.455283,1,26551.229053
2836.00914,1,26586.278611
40000,1,26603.030151
40000,1,26652.914998
2843.606501,1,26706.405911
2868.740035,1,26748.796985
2798.104685,1,26787.879352
2801.142435,1,26821.587898
40000,1,26831.649869
2862.204684,1,26886.916004
40000,1,26899.410582
2805.836472,1,26957.807983
2825.897085,1,26988.179671
2836.30157,1,27023.941774
2882.977364,1,27059.941332
2831.180197,1,27091.653327
40000,1,27104.660341
2842.73507,1,27162.732467
40000,1,27183.690578
2880.626048,1,27233.505964
40000,1,27247.006101
2882.729224,1,27308.248412
2776.595184,1,27348.609626
40000,1,27365.584843
2790.609465,1,27417.973678
2809.490822,1,27463.184901
40000,1,27481.327365
40000,1,27513.148915
2850.548322,1,27560.535125
40000,1,27574.612077
2879.307975,1,27617.521457
2843.055978,1,27661.581553
2846.949954,1,27696.533711
2849.537291,1,27727.315655
2784.61433,1,27763.564857
2782.530068,1,27803.081329
2830.850196,1,27839.776183
2849.448934,1,27876.062002
2814.122864,1,27920.128451
40000,1,27931.179126
40000,1,27966.042974
40000,1,28000.32072
2822.84461,1,28059.569453
2767.544796,1,28093.828176
2851.871192,1,28124.159926
2823.663473,1,28162.116895
40000,1,28174.40226
2839.8221,1,28232.945111
2856.441828,1,28276.842475
2853.301076,1,28315.092525
2825.220952,1,28349.795408
2789.91133,1,28392.138806
2812.706571,1,28431.048353
40000,1,28443.2282
40000,1,28471.878547
2793.051881,1,28532.002987
2844.042708,1,28567.075248
2848.305958,1,28591.520106
2842.081113,1,28648.035441
2831.808763,1,28688.371989
2823.387296,1,28724.736287
2772.886063,1,28766.989868
2783.61655,1,28802.010607
40000,1,28819.07036
2841.288321,1,28867.278118
2763.976573,1,28914.627913
2828.794263,1,28947.159806
2853.006131,1,28990.077801
2839.627843,1,29025.329484
2793.972677,1,29065.986908
2826.528117,1,29101.118509
40000,1,29122.833581
2802.155011,1,29174.444752
40000,1,29187.606203
2866.134942,1,29247.9212
2791.995959,1,29278.191961
2790.865656,1,29320.333432
2852.800269,1,29354.920134
2837.965245,1,29391.735333
40000,1,29403.611727
40000,1,29435.023035
2789.332584,1,29503.451782
2859.719639,1,29539.374963
2812.841954,1,29575.178029
2847.833449,1,29608.142623
2842.93894,1,29650.835379
2800.421834,1,29686.809496
2820.978025,1,29719.054474
2802.818784,1,29755.748551
40000,1,29769.798149
2857.220384,1,29834.30767
2812.807557,1,29860.625171
2791.473596,1,29897.636325
2848.469148,1,29934.493948
2853.634579,1,29972.834436
2769.594403,1,30009.418821
2807.488406,1,30051.976736
2842.326073,1,30089.683034
40000,1,30106.353504
40000,1,30142.924428
2873.721624,1,30201.108778
40000,1,30211.539381
40000,1,30248.08587
2872.674487,1,30295.818423
2761.730582,1,30334.844866
2866.07712,1,30383.536848
2818.785894,1,30403.351821
2805.663768,1,30445.301967
2808.050125,1,30485.816083
40000,1,30498.505078
2837.15303,1,30557.761777
2850.001537,1,30593.808643
2813.443249,1,30633.731759
2799.259219,1,30660.958007
2778.834421,1,30698.407048
2877.685764,1,30716.021821
2806.983031,1,30773.337147
2839.376057,1,30809.836998
2863.198923,1,30849.901962
2888.371335,1,30887.136141
2847.726837,1,30919.664326
40000,1,30960.863275
2811.915901,1,30987.862561
2818.660801,1,31034.90453
2828.739674,1,31076.063952
40000,1,31103.173939
2818.753534,1,31143.961654
2994.255392,1,31186.398826
2782.14444,1,31221.521263
2871.936824,1,31259.050953
2807.333513,1,31286.009051
40000,1,31315.275488
40000,1,31343.947699
2840.087648,1,31401.964018
2846.771263,1,31432.955712
2814.217425,1,31475.575267
40000,1,31484.470673
2805.726524,1,31547.381877
2824.083956,1,31590.675743
2880.225931,1,31624.269573
2804.584836,1,31668.585542
2868.09121,1,31700.638721
2983.01274,1,31744.17376
2794.980765,1,31778.852753
40000,1,31795.481996
2832.618885,1,31855.675596
2789.788573,1,31893.466109
2806.203799,1,31933.772092
40000,1,31948.806493
2827.343151,1,31996.86422
40000,1,32012.334682
2781.006863,1,32062.231155
2851.54741,1,32097.954945
40000,1,32116.628849
2766.826943,1,32178.471852
2822.671509,1,32220.708334
2878.509993,1,32261.132887
2827.465483,1,32295.391108
40000,1,32319.486788
2834.388884,1,32369.517077
2788.388418,1,32393.409715
2843.769245,1,32430.813877
2858.31346,1,32477.128002
2811.574117,1,32519.892385
2814.373598,1,32556.756444
2795.604822,1,32594.259367
2828.742023,1,32633.38054
2790.78255,1,32677.764802
2835.179629,1,32710.899375
40000,1,32723.559846
2873.653694,1,32786.728531
2841.933021,1,32819.70549
2871.69836,1,32866.003321
40000,1,32887.078159
2791.122864,1,32942.259782
2805.553098,1,32977.471473
40000,1,32993.678828
2815.227791,1,33041.549251
2796.921493,1,33080.459379
2881.479659,1,33122.093193
40000,1,33140.428243
2809.815637,1,33193.510892
40000,1,33203.255012
40000,1,33255.611272
2800.852903,1,33305.86368
2805.204826,1,33349.159805
2830.596871,1,33390.775993
2867.763948,1,33430.620702
2766.099624,1,33464.407312
40000,1,33476.728615
2788.3058,1,33541.006408
2836.824455,1,33576.726226
2759.416329,1,33619.371366
2806.214243,1,33654.111962
2824.772564,1,33688.609715
2816.741845,1,33731.136136
2778.098915,1,33775.860727
2775.461414,1,33812.873559
40000,1,33832.66679
2823.038537,1,33891.299966
2812.003281,1,33924.608117
2787.421161,1,33968.470916
2818.43364,1,34007.938298
40000,1,34018.905049
2800.565794,1,34077.793948
40000,1,34093.812752
2814.878244,1,34156.090751
2789.277553,1,34181.147845
2824.11826,1,34230.713305
2980.587037,1,34270.157331
2830.078156,1,34311.824455
2825.415227,1,34340.515187
40000,1,34348.31821
2949.975935,1,34413.666384
2817.631258,1,34450.196494
40000,1,34461.534783
2790.790452,1,34523.965086
2780.567171,1,34562.022138
2833.565636,1,34599.496656
2792.325,1,34644.191845
2798.469058,1,34676.692861
2789.714979,1,34720.183347
2908.207053,1,34762.131533
2848.954546,1,34799.395542
2866.396851,1,34830.48121
2818.406501,1,34866.695055
2875.717587,1,34905.936362
2803.361327,1,34944.816008
2792.007363,1,34987.652976
2868.776779,1,35026.81918
2804.633112,1,35057.26633
2865.801559,1,35098.408111
2820.02692,1,35120.62161
2818.732914,1,35170.672005
2889.996946,1,35209.671671
2768.539339,1,35246.578463
40000,1,35259.600484
2867.235354,1,35328.800565
2820.029915,1,35371.423656
2880.220148,1,35399.249493
2869.988101,1,35450.792977
2876.340492,1,35483.01569
2857.687007,1,35521.522522
2884.143463,1,35557.377787
2793.089665,1,35603.100506
2853.650889,1,35642.651441
40000,1,35652.800515
2814.216797,1,35724.716307
2812.637462,1,35761.144325
2875.088957,1,35785.999637
2865.573431,1,35831.501251
2842.709399,1,35867.85584
40000,1,35886.495116
2871.029241,1,35946.596091
2796.971724,1,35993.65962
2807.093156,1,36030.294182
2880.21322,1,36073.412991
40000,1,36084.711904
2829.475578,1,36151.965995
2831.103113,1,36189.356104
2792.907776,1,36226.284334
2847.834539,1,36250.11059
2876.912234,1,36303.956601
2879.312429,1,36345.401516
2838.837337,1,36375.958169
2835.756553,1,36412.087264
2833.362173,1,36445.839955
2796.624558,1,36491.69648
2822.090945,1,36527.593485
2782.183586,1,36575.686668
40000,1,36588.094614
2826.56718,1,36654.312347
2836.965305,1,36690.615598
40000,1,36710.642467
2877.984273,1,36762.932365
2837.885348,1,36799.337369
2882.358437,1,36840.602515
40000,1,36857.567995
2791.930786,1,36912.657863
2843.897586,1,36950.914319
2853.033732,1,36985.957402
2806.005915,1,37019.75657
2799.538443,1,37060.05179
2850.390413,1,37097.794089
40000,1,37109.200469
2845.1147,1,37159.109895
2791.818107,1,37201.221509
2872.88387,1,37246.074216
2830.997528,1,37267.99662
2835.040112,1,37315.340379
2806.787766,1,37351.871883
40000,1,37371.581008
2819.882594,1,37427.457524
2824.557205,1,37448.179322
2839.861163,1,37508.705705
2829.875199,1,37541.357209
2818.948446,1,37583.090853
2863.925857,1,37618.42372
40000,1,37628.663269
2803.655156,1,37680.837296
2799.372939,1,37726.653295
2868.908984,1,37763.352784
2877.857421,1,37792.759109
40000,1,37802.089426
40000,1,37833.510495
2808.100836,1,37894.95658
2831.546578,1,37935.240646
2808.040799,1,37965.48651
2834.838275,1,38008.183226
2769.578121,1,38045.668617
2827.045406,1,38089.801819
2841.079629,1,38127.474608
2810.14024,1,38164.810889
2849.600191,1,38211.872914
2795.155682,1,38246.526995
2823.572302,1,38278.78425
40000,1,38287.513538
2789.032255,1,38347.887547
2810.958648,1,38383.048529
2858.575077,1,38415.546703
2876.918816,1,38451.629105
2812.783658,1,38497.844632
2819.532541,1,38534.449498
2839.897619,1,38574.245478
2976.926857,1,38610.016634
40000,1,38618.480387
2824.976349,1,38687.837782
2840.411279,1,38727.794814
2889.422813,1,38767.28572
2847.748328,1,38806.612644
2866.114575,1,38842.496844
2861.639991,1,38877.804151
2819.730936,1,38914.812459
2977.001698,1,38954.062975
2864.818751,1,38987.793055
2809.470096,1,39030.254197
2796.229832,1,39076.900339
2802.339166,1,39107.864883
2798.730806,1,39139.23336
2837.211782,1,39175.439882
40000,1,39190.312287
2808.339519,1,39241.829524
2841.305346,1,39283.525019
2848.291905,1,39319.339205
2811.649195,1,39359.605153
2814.587818,1,39403.672529
2829.795652,1,39444.507438
40000,1,39468.651263
2795.708535,1,39517.676493
40000,1,39529.680212
2830.641229,1,39578.52295
2819.516136,1,39605.371811
2803.255532,1,39664.567441
40000,1,39675.381891
2828.934118,1,39744.841268
2795.944251,1,39786.823696
2843.987104,1,39814.404834
2796.041544,1,39848.176054
2768.263853,1,39889.900988
40000,1,39904.432212
2867.413557,1,39966.300421
2865.289554,1,40000.724735
40000,1,40009.660953
40000,1,40047.263317
2832.390062,1,40111.163414
2785.201042,1,40149.400856
2842.162463,1,40182.386384
2800.867204,1,40210.31324
2845.26519,1,40261.217919
2786.163132,1,40294.656979
2873.880788,1,40326.147979
2778.300933,1,40374.058791
2792.296434,1,40408.929143
2811.075586,1,40444.56955
2839.706878,1,40483.556246
2810.698028,1,40511.332302
2838.573753,1,40551.174774
2850.837985,1,40586.511583
2866.376419,1,40609.242154
2804.340906,1,40647.974864
2784.945767,1,40688.237041
2809.354093,1,40725.268471
2884.432678,1,40765.286834
2803.434491,1,40808.284763
40000,1,40817.385563
2823.842872,1,40879.623926
2818.06512,1,40911.166489
2866.685828,1,40952.702673
2789.125301,1,40992.210613
2861.454763,1,41029.20513
2851.915387,1,41072.154346
40000,1,41080.576544
2866.853121,1,41144.816489
2785.225447,1,41186.063223
2793.146942,1,41224.663688
2833.116208,1,41259.162048
2826.639134,1,41304.637698
2847.783237,1,41337.351068
40000,1,41347.879216
2811.928712,1,41413.103934
2801.848732,1,41453.894194
2796.628643,1,41471.351243
2851.342135,1,41522.694421
2805.028357,1,41560.557081
2960.857455,1,41594.901098
2859.479026,1,41624.682592
2856.056087,1,41664.936914
2818.267316,1,41701.772403
2815.630426,1,41735.977163
2825.455548,1,41774.825113
40000,1,41798.537904
2869.528447,1,41855.458374
40000,1,41866.146129
2836.151891,1,41919.36163
2804.774106,1,41948.686169
2796.489303,1,41991.483148
2839.643596,1,42024.927484
2814.538666,1,42063.502944
2792.145365,1,42105.660261
2856.657654,1,42137.111877
2821.090491,1,42169.633036
2833.902789,1,42210.141655
2779.004123,1,42246.027042
40000,1,42257.801231
40000,1,42290.892769
2995.140535,1,42354.617438
2801.982245,1,42382.242488
40000,1,42392.563166
40000,1,42429.029978
2785.807054,1,42488.727196
40000,1,42503.872479
2840.756562,1,42560.042177
40000,1,42575.922989
40000,1,42601.729823
2849.462652,1,42655.370671
2841.429611,1,42691.489483
2857.33868,1,42727.200895
2804.915744,1,42763.677665
2848.448743,1,42801.36529
40000,1,42812.816541
2796.907095,1,42871.604893
2827.680168,1,42894.503315
2836.556783,1,42937.029165
2869.449722,1,42973.897008
2811.851185,1,43007.91557
2841.092516,1,43045.70343
2850.684201,1,43083.234782
2765.958532,1,43127.934813
2859.64229,1,43157.56315
40000,1,43175.178129
2829.507984,1,43227.690209
2837.61755,1,43260.483997
2814.345977,1,43306.023735
2850.201905,1,43346.213333
2821.82914,1,43375.054348
2794.120629,1,43414.119036
2793.943631,1,43450.228307
2859.718906,1,43479.35381
2841.10223,1,43520.715484
2787.849589,1,43555.630627
2813.910694,1,43595.587494
2853.020855,1,43616.099732
2880.519785,1,43667.247278
40000,1,43681.261513
40000,1,43718.962998
40000,1,43758.564384
2766.455275,1,43810.519353
2780.503262,1,43857.6848
2855.006474,1,43896.185296
2862.368446,1,43939.042831
2840.490265,1,43976.274294
2865.192773,1,44010.196985
2853.723314,1,44046.140851
2858.666029,1,44084.893371
2811.072049,1,44127.612478
40000,1,44137.177711
2981.926011,1,44187.941494
2787.572209,1,44226.359439
2838.489339,1,44265.565784
2813.217044,1,44296.300829
2798.491842,1,44338.683106
2799.479072,1,44372.287125
2812.003545,1,44408.87766
2818.986484,1,44451.409436
2776.860098,1,44489.01897
2803.880972,1,44530.471678
2796.225734,1,44558.974209
40000,1,44572.627963
40000,1,44606.322007
2818.588571,1,44667.568264
2835.757003,1,44688.352283
2807.605189,1,44738.223135
2865.785612,1,44780.612946
2846.594207,1,44819.879575
40000,1,44835.993564
2864.35245,1,44892.801604
2773.845601,1,44931.553138
2813.345692,1,44976.103137
2776.718743,1,45012.128802
40000,1,45020.791874
2861.906133,1,45077.203481
2776.144541,1,45115.499861
2801.275711,1,45157.554276
2810.177374,1,45197.945087
2830.112341,1,45231.313358
2780.856965,1,45276.948415
2864.045919,1,45313.966102
2860.170982,1,45348.451489
2872.373773,1,45380.465187
2804.031541,1,45408.914034
2763.392003,1,45446.230167
40000,1,45469.282144
40000,1,45498.145507
2775.728627,1,45545.587156
2797.992176,1,45600.371273
2838.822844,1,45648.424961
40000,1,45658.814433
2810.112921,1,45717.535758
2834.836053,1,45750.149407
2823.253085,1,45786.451547
2802.776211,1,45828.405145
2812.269969,1,45858.597615
2800.681561,1,45900.513126
2858.472749,1,45935.849396
2789.037894,1,45977.116612
2866.379876,1,46017.707736
2795.87755,1,46050.539355
2829.68976,1,46090.631322
2815.317373,1,46123.271084
2789.661281,1,46157.548137
40000,1,46171.527433
40000,1,46203.888073
2840.075573,1,46272.512503
40000,1,46287.67776
2791.952828,1,46335.827629
2794.397806,1,46367.219208
2800.753002,1,46407.725907
2834.096984,1,46435.994274
2862.087247,1,46481.483418
2871.513291,1,46514.009284
2839.868029,1,46555.407136
40000,1,46579.382455
2787.081034,1,46636.383742
2846.558303,1,46676.36902
40000,1,46686.619537
2810.357564,1,46747.863133
2805.351017,1,46794.103451
2808.604453,1,46833.074642
40000,1,46845.611951
2797.548671,1,46909.753776
40000,1,46923.690432
40000,1,46956.124602
2835.142304,1,47008.567236
40000,1,47023.851196
2841.511882,1,47085.26234
40000,1,47097.020051
2811.820526,1,47153.003011
40000,1,47168.609936
2789.727163,1,47224.959906
40000,1,47241.734334
2764.545443,1,47293.110406
2852.452492,1,47326.271616
2838.648132,1,47363.938744
40000,1,47378.240227
2881.727448,1,47440.71765
2869.639276,1,47474.923697
2816.734977,1,47513.834896
2788.590878,1,47556.99271
2791.818848,1,47588.280294
2852.848321,1,47621.636912
40000,1,47640.809353
2845.491668,1,47689.222511
2804.902582,1,47740.491801
2866.672966,1,47778.864918
2858.796717,1,47811.156402
2848.960131,1,47856.448206
2872.734761,1,47900.406046
2816.066985,1,47939.290089
2865.676054,1,47980.854805
2845.227045,1,48019.074743
2832.028365,1,48044.649948
2783.773414,1,48091.064191
2803.854456,1,48128.987699
2860.959875,1,48166.279242
2906.895851,1,48203.93842
2880.114654,1,48242.713999
2795.670303,1,48261.842603
2825.449353,1,48320.965391
2825.062891,1,48367.04489
2854.765432,1,48405.362621
2965.353877,1,48441.60649
2840.537951,1,48480.84087
2845.138445,1,48520.327412
40000,1,48538.134255
40000,1,48576.073525
2828.416055,1,48631.634643
2847.094379,1,48669.651142
2801.904027,1,48703.036444
40000,1,48721.453578
